<?xml version="1.0" encoding="UTF-8"?>
<beans xmlns="http://www.springframework.org/schema/beans"
	xmlns:xsi="http://www.w3.org/2001/XMLSchema-instance"
	xsi:schemaLocation="http://www.springframework.org/schema/beans
		https://www.springframework.org/schema/beans/spring-beans.xsd">

	<!--<bean id="alien" class="com.spytech.springdemo.SpringDemoProj.Alien">-->
	<!--<bean id="alien" class="com.spytech.springdemo.SpringDemoProj.Alien" autowire="byName">-->
	<bean id="alien" class="com.spytech.springdemo.SpringDemoProj.Alien" autowire="byType">
		
		<property name="age" value="26"></property>
		<!--<constructor-arg value="19"></constructor-arg>-->
		<!--<property name="laptop" ref="laptop"></property>-->
		<!--<property name="com" ref="laptop"></property>-->
	</bean>
	
	<bean id="com" class="com.spytech.springdemo.SpringDemoProj.Laptop">
	</bean>
	
	<!--<bean id="laptop" class="com.spytech.springdemo.SpringDemoProj.Laptop">
	</bean>-->
	
	<bean id="desktop" class="com.spytech.springdemo.SpringDemoProj.Desktop" primary="true">
	</bean>
	
	
	
</beans>